ID,Location,Context,English Text,Portuguese,Finnish,Romanian,French,Dutch
H_01,Header,Main Title,Sentinel Garden Survey,Inquérito - Jardins Sentinela,PlantAlert,Formular Gradini Santinela,PlantAlert,PlantAlert
H_02,Header,Description,Help us understand how garden plants behave and spread.,Ajude-nos a perceber como as plantas de jardim se comportam e se dispersam.,"Auta meitä ymmärtämään, miten puutarhakasvit käyttäytyvät ja leviävät.",Ajutati-ne sa intelegem cum se comporta si se raspandesc plantele de gradina.,Aidez-nous à comprendre comment les plantes de jardin se comportent et se propagent.,Help ons begrijpen hoe tuinplanten zich gedragen en verspreiden.
H_03,Header,Description,"This app lets you identify plants with PlantNet, answer a few questions about how they behave in your garden, and share anonymised records.","Esta aplicação permite-lhe identificar plantas com o PlantNet, responder a algumas perguntas sobre o seu comportamento no teu jardim e partilhar registos anonimizados.","Tällä sovelluksella voit tunnistaa kasveja PlantNet:in avulla, vastata muutamaan kysymykseen niiden käyttäytymisestä puutarhassasi ja jakaa havaintoja nimettömästi.","Aceasta aplicatie va permite sa identificati plantele cu aplicatia PlantNet, sa raspundeti la cateva intrebari despre cum se comporta acestea in gradina dumneavoastra si sa partajati observatii anonimizate.","Cette application vous permet d'identifier des plantes grâce à PlantNet, de répondre à quelques questions sur leur comportement dans votre jardin et de partager des données anonymisées.","Met deze app kun je planten identificeren met PlantNet, enkele vragen beantwoorden over hoe ze zich in je tuin gedragen en geanonimiseerde waarnemingen delen."
TAB_USER,Tabs,Tab label,User,Utilizador,Käyttäjä,Utilizator,Utilisateur,Gebruiker
TAB_ID,Tabs,Tab label,ID,ID,ID,ID,ID,ID
TAB_SURVEY1,Tabs,Tab label,Survey1,Questionário 1,Kysely 1,Chestionar 1,Enquête 1,Enquête 1
TAB_SURVEY2,Tabs,Tab label,Survey2,Questionário 2,Kysely 2,Chestionar 2,Enquête 2,Enquête 2
TAB_RESULTS,Tabs,Tab label,Results,Resultados,Tulokset,Rezultate,Résultats,Resultaten
U_01,Tab: User,Section Title,Step 1 – Connect with iNaturalist,Passo 1 – Ligar ao iNaturalist,Vaihe 1 -Yhdistä iNaturalistiin,Pasul 1 - Conecteaza-te la aplicatia iNaturalist (contul propriu),Étape 1 – Connectez-vous à iNaturalist,Stap 1 – Verbinden met iNaturalist
U_02,Tab: User,Instruction,"If you connect your iNaturalist account, each record you submit here will also be uploaded as an observation to your own iNaturalist account.","Se ligar a sua conta do iNaturalist, cada registo que submeter aqui será igualmente publicado como observação na sua conta do iNaturalist.","Jos yhdistät iNaturalist-tiliisi, jokainen tallentamasi tieto ladataan havaintona myös omalle iNaturalist-tilillesi.","Daca va conectati la iNaturalist, fiecare observatie trimisa aici va fi incarcata si in pagina proprie iNaturalist.","Si vous connectez votre compte iNaturalist, chaque enregistrement que vous soumettez ici sera également ajouté en tant qu'observation à votre propre compte iNaturalist.","Als je je iNaturalist-account verbindt, wordt elke waarneming die je hier invoert ook geüpload als observatie naar je eigen iNaturalist-account."
U_03,Tab: User,Button,Connect to iNaturalist,Ligar ao iNaturalist,Yhdistä iNaturalistiin,Conecteaza-te la contul iNaturalist,Se connecter à iNaturalist,Verbinden met iNaturalist
U_09,Tab: User,Section Title,Step 2 – About you (optional),Passo 2 – Sobre si (opcional),Vaihe 2 - Sinusta (valinnainen),Pasul 2 – Despre dumneavoastra (optional),Étape 2 – À propos de vous (facultatif),Stap 2 – Over jou (optioneel)
U_10,Tab: User,Instruction,You can optionally share your name and email with the project. This helps us follow up about your records but is not required.,"Pode partilhar opcionalmente o teu nome e email com o projeto. Isto ajuda-nos a contactar-te sobre os teus registos, mas não é obrigatório.","Voit halutessasi jakaa nimesi ja sähköpostiosoitteesi projektin kanssa. Tämä auttaa meitä seuraamaan havaintotietoja, mutta ei ole pakollista.","Optional, puteti partaja numele si adresa de e-mail cu proiectul. Acest lucru ne ajuta sa revenim cu intrebari despre observatiile dumneavoastra, dar nu este obligatoriu.","Vous pouvez, si vous le souhaitez, communiquer votre nom et votre adresse e-mail au projet. Cela nous aide à assurer le suivi de vos enregistrements, mais ce n'est pas obligatoire.","Je kunt optioneel je naam en e-mailadres delen met het project. Dit helpt ons om eventueel contact op te nemen over je waarnemingen, maar is niet verplicht."
U_11,Tab: User,Input Label,Your name (optional),Nome (opcional),Nimi (valinnainen),Numele dumneavoastra (optional),Votre nom (facultatif),Je naam (optioneel)
U_12,Tab: User,Input Label,Your email address (optional),Email (opcional),Sähköposti (valinnainen),Adresa dumneavoastra de e-mail (optional),Votre adresse e-mail (facultatif),Je e-mailadres (optioneel)
U_13,Tab: User,Radio Label,Can we include your name in our archive of plant records?,Podemos incluir o seu nome aos registos de plantas?,Voimmeko lisätä nimesi kasvihavaintojen tietokantaan?,Putem include numele dumneavoastra in arhiva noastra de inregistrari ale plantelor?,Pouvons-nous ajouter votre nom à notre base de données d'observations de plantes ?,Mogen we je naam opnemen in ons archief met plantwaarnemingen?
U_15,Tab: User,Choice,"No, I’d prefer my records to be anonymous","Não, prefiro que os meus registos sejam anónimos.","Ei, haluan että havaintoni ovat anonyymejä.","Nu, prefer ca observatiile mele sa fie anonime","Non, je préfère que mes données restent anonymes","Nee, ik wil dat mijn waarnemingen anoniem blijven"
U_19,Tab: User,Section Title,Terms & conditions,Termos & condições,Käyttöehdot,Termeni si conditii,Conditions générales,Algemene voorwaarden
U_20,Tab: User,Instruction,Please read the terms and conditions before using the app.,"Por favor, leia os termos e condições antes de utilizar a aplicação.",Lue käyttöehdot ennen sovelluksen käyttöä.,Va rugam sa cititi termenii si conditiile inainte de a utiliza aplicatia.,Veuillez lire les conditions générales avant d'utiliser l'application.,Lees de algemene voorwaarden voordat je de app gebruikt.
U_21,Tab: User,Link Text,Download terms and conditions (PDF),Transferir os termos e condições (PDF),Lataa käyttöehdot (PDF),Termenii si conditiile pot fi descarcate aici (PDF),Télécharger les conditions générales (PDF),Download de algemene voorwaarden (PDF)
U_22,Tab: User,Checkbox,I have read and agree to the terms and conditions,Li e concordo com os termos e condições,Olen lukenut ja hyväksyn käyttöehdot,Am citit si sunt de acord cu termenii si conditiile,J'ai lu et j'accepte les conditions générales,Ik heb de algemene voorwaarden gelezen en ga ermee akkoord
U_24,Tab: User,Prompt prefix,Don’t have an iNaturalist account yet?,Ainda não tem uma conta no iNaturalist?,Eikö sinulla vielä ole iNaturalist tiliä?,Nu ai inca un cont pe iNaturalist?,Pas de compte iNaturalist ?,Heb je nog geen iNaturalist-account?
U_25,Tab: User,Link text,Create one here,Crie uma aqui,Luo tili täällä.,Creeaza unul aici,Crée-en un ici.,Maak er hier één aan
U_26,Tab: User,Helper message,You can also continue without connecting – your records will be stored in this project only and not uploaded to iNaturalist.,Pode também continuar sem ligar a conta – os seus registos serão guardados apenas neste projeto e não serão carregados para o iNaturalist.,"Voit myös jatkaa yhdistämättä – havaintosi tallennetaan vain tälle projektille, eikä niitä ladata iNaturalistiin.",Puteti continua si fara conectare - inregistrarile dumneavoastra vor fi stocate exclusiv in cadrul acestui proiect si nu vor fi incarcate in iNaturalist ,Vous pouvez également continuer sans vous connecter – vos observations seront alors uniquement enregistrées dans ce projet et ne seront pas téléversées sur iNaturalist.,Je kunt ook doorgaan zonder te verbinden – je waarnemingen worden dan alleen binnen dit project opgeslagen en niet geüpload naar iNaturalist.
U_27,Tab: User,Text,"Your data will help us understand the spread of potentially invasive alien species and inform policy in that regard. If you want to get more information on invasive alien species or about the project, please visit","Os seus dados ajudar-nos-ão a compreender a dispersão de espécies exóticas invasoras e a informar políticas nesse sentido. Se quiser obter mais informações sobre espécies exóticas invasoras ou sobre o projeto, visite","Jakamasi tiedot auttavat meitä ymmärtämään mahdollisesti haitallisten vieraslajien leviämistä ja tukemaan niihin liittyvää päätöksentekoa. Jos haluat lisätietoja haitallisista vieraslajeista tai itse hankkeesta, vieraile osoitteessa","Datele dumneavoastra ne vor ajuta sa intelegem raspandirea speciilor alohtone potential invazive si sa contribuim la elaborarea politicilor in acest domeniu. Daca doresti sa afli mai multe despre speciile alohtone invazive sau despre proiect, te rugam sa vizitezi: ","Vos données nous aident à comprendre la propagation des espèces invasives et à informer les politiques de lutte contre celles-ci. Si vous souhaitez plus d’informations sur les espèces exotiques envahissantes ou sur le projet, visitez","Uw gegevens helpen ons de verspreiding van invasieve soorten te begrijpen en het beleid ertegen te informeren. Als u meer informatie wilt over invasieve uitheemse soorten of over het project, bezoek dan"
U_28,Tab: User,Text,Data policy:,Política de dados:,Tietosuojakäytäntö:,Politica de confidentialitate:,Politique de protection des données:,Gegevensbeleid:
U_29,Tab: User,Text,"The collected survey data will only be used for research purposes and made available in an open access format. Your survey responses will remain anonymous, but your species records will be associated with your iNaturalist account and will be covered by their terms and conditions.","Os dados recolhidos serão utilizados apenas para fins de investigação e disponibilizados em formato de acesso aberto. As suas respostas ao inquérito permanecerão anónimas, mas os registos das espécies serão associados à sua conta do iNaturalist e estarão sujeitos aos respetivos termos e condições.","Kerättyjä kyselyaineistoja käytetään ainoastaan tutkimustarkoituksiin ja ne julkaistaan avoimesti saatavassa muodossa. Kyselyvastauksesi säilyvät anonyymeinä, mutta lajihavaintosi yhdistetään iNaturalist-tiliisi ja niihin sovelletaan iNaturalistin käyttöehtoja."," Datele colectate prin acest chestionar vor fi utilizate exclusiv in scopuri de cercetare si vor fi disponibile in regim de acces liber. Raspunsurile dumneavoastra vor ramane anonime, insa inregistrarile speciilor vor fi asociate contului dumneavoastra de pe iNaturalist si vor respecta termenii si conditiile acestei platforme.","Les données d’enquête collectées seront utilisées uniquement à des fins de recherche et rendues disponibles en accès libre. Vos réponses au questionnaire resteront anonymes, mais vos observations d’espèces seront liées à votre compte iNaturalist et sont soumises à leurs conditions générales.","De verzamelde enquêtegegevens zullen uitsluitend voor onderzoeksdoeleinden worden gebruikt en in open access beschikbaar worden gesteld. Uw enquêteantwoorden blijven anoniem, maar uw soortwaarnemingen zullen worden gekoppeld aan uw iNaturalist-account en vallen onder hun algemene voorwaarden."
U_30,Tab: User,Text,"If you want to receive updates about the results, please provide your email address below. This will be stored securely in line with GDPR policies and separate from your survey answers.","Se quiser receber atualizações sobre os resultados, indique o seu endereço de email abaixo. Este será armazenado de forma segura, em conformidade com as políticas do RGPD e separado das suas respostas ao inquérito.","Jos haluat saada päivityksiä tuloksista, ilmoita sähköpostiosoitteesi alle. Se tallennetaan turvallisesti GDPR-käytäntöjen mukaisesti ja erillään kyselyvastauksistasi.","Daca doriti sa primiti informatii despre rezultate, va rugam sa introduceți adresa de e-mail în campul de mai jos. Aceasta va fi stocata in conditii de siguranta, in conformitate cu prevederile GDPR, separat de raspunsurile furnizate in chestionar.","Si vous souhaitez recevoir des mises à jour sur les résultats, veuillez saisir votre adresse e-mail ci-dessous. Celle-ci sera stockée de manière sécurisée conformément au règlement RGPD et séparée de vos réponses au questionnaire.","Als u updates over de resultaten wilt ontvangen, vul dan hieronder uw e-mailadres in. Dit wordt veilig opgeslagen in overeenstemming met de GDPR-regelgeving en gescheiden van uw enquêteantwoorden."
U_31,Tab: User,Text,"Your email address (optional, for project updates)",(Coloque aqui o campo para introdução do email),(Laita kenttä sähköpostiosoitteen syöttämiseksi tähän),(Adaugati aici campul pentru introducerea adresei de e-mail),(Insérer ici un champ de saisie d’adresse e-mail),(Plaats hier een veld voor het invoeren van een e-mailadres)
U_32,Tab: User,Text,"Should you have any questions about the research and data collection, please contact us","Se tiver alguma questão sobre a investigação e a recolha de dados, contacte-nos","Jos sinulla on kysyttävää tutkimuksesta tai aineistonkeruusta, ota meihin yhteyttä","Daca aveti intrebari legate de cercetare si colectarea datelor, va rugam sa ne contactati","Si vous avez des questions concernant l’étude et la collecte de données, veuillez nous contacter","Als u vragen heeft over het onderzoek en de gegevensverzameling, neem dan hier contact met ons"
U_33,Tab: User,Text,here,aqui, täällä,aici,ici,op
U_34,Tab: User,Text,OneSTOP receives funding from the European Union’s Horizon Europe Research and Innovation Programme (ID No 101180559). Views and opinions expressed are those of the author(s) only and do not necessarily reflect those of the European Union or the European Research Executive Agency (REA). Neither the EU nor REA can be held responsible for them.,O projeto OneSTOP recebe financiamento do Programa de Investigação e Inovação Horizonte Europa da União Europeia (ID N.º 101180559). As opiniões expressas são as dos autor(es) e não refletem necessariamente as da União Europeia ou da Agência Europeia de Investigação (REA). Nem a UE nem a REA podem ser responsabilizadas pelas mesmas.,"OneSTOP-hanke saa rahoitusta Euroopan Unionin Horisontti Eurooppa ‑tutkimus- ja innovaatio-ohjelmasta (ID Nro 101180559). Esitetyt näkemykset ja mielipiteet ovat ainoastaan kirjoittajien omia, eivätkä välttämättä edusta Euroopan Unionin tai Euroopan tutkimuksen toimeenpanoviraston (REA) näkemyksiä, eikä EU tai REA ei ole niistä vastuussa.",OneSTOP beneficiaza de finantare din partea programului de cercetare si inovare Horizon Europe al Uniunii Europene (nr. 101180559). Punctele de vedere si opiniile exprimate apartin exclusiv autorului (autorilor) si nu reflecta neaparat punctele de vedere si opiniile Uniunii Europene sau ale Agentiei Executive Europene pentru Cercetare (REA). Nici Uniunea Europeana si nici REA nu pot fi considerate raspunzatoare pentru acestea.,OneSTOP reçoit un financement du programme Horizon Europe pour la recherche et l’innovation de l’Union européenne (ID n° 101180559). Les points de vue et opinions exprimés sont uniquement ceux des auteurs et ne reflètent pas nécessairement ceux de l’Union européenne ou de l’Agence exécutive européenne pour la recherche (REA). Ni l’UE ni la REA ne peuvent en être tenues responsables.,OneSTOP ontvangt financiering van het Horizon Europe-programma voor onderzoek en innovatie van de Europese Unie (ID-nr. 101180559). De geuite standpunten en meningen zijn uitsluitend die van de auteur(s) en weerspiegelen niet noodzakelijk die van de Europese Unie of het Europees Uitvoerend Agentschap voor Onderzoek (REA). Noch de EU noch het REA kan hiervoor verantwoordelijk worden gehouden.
ID_01,Tab: ID,Section Title,Upload or take a photo,Carregar ou tirar fotografia,Lataa kuva tai ota valokuva,Incarcati sau faceti o fotografie,Téléchargez ou prenez une photo,Upload of neem een foto
ID_02,Tab: ID,Button Label,Take Photo,Tirar fotografia,Ota kuva,Faceti o fotografie,Prendre une photo,Foto nemen
ID_03,Tab: ID,Button Label,Upload from Library,Carregar da galeria,Lataa galleriasta,Incarcati din galerie,Télécharger depuis la galerie,Uploaden uit gallerij
ID_04,Tab: ID,Button,Identify with PlantNet,Identificar com PlantNet,Tunnista PlantNetillä,Identificati specia cu PlantNet,Identifier avec PlantNet,Identificeer met PlantNet
ID_05,Tab: ID,Section Title,Identification Results,Resultados da identificação,Tunnistustulokset,Rezultatele identificarii,Résultats de l'identification,Identificatieresultaten
ID_06,Tab: ID,Help Text,Results will appear here after you run PlantNet.,Os resultados aparecerão aqui após executar o PlantNet,"Tulokset näkyvät täällä, kun olet suorittanut PlantNet-tunnistuksen.",Rezultatele vor aparea aici dupa ce rulati PlantNet.,Les résultats s'afficheront ici une fois que vous aurez lancé PlantNet.,Resultaten verschijnen hier nadat je PlantNet hebt gebruikt.
ID_07,Tab: ID,Button,Use this,Usar esta,Käytä tätä,Selecteaza,Utilisez ceci,Gebruik dit
ID_08,Tab: ID,Section Title,Location & plant name,Localização & nome da planta,Sijainti ja kasvin nimi,Locatie si nume planta,Localisation et nom de la plante,Locatie & plantnaam
ID_09,Tab: ID,Input Label,Where did you survey? (town/village and site name),Onde fez o levantamento? (localidade e nome do local),Missä teit havainnon? (kaupunki/kunta ja paikan nimi),Unde ati facut observatia? (oras/sat si numele locului),Où avez-vous fait votre observation ? (ville/village et nom du lieu),Waar heb je de waarneming gedaan? (stad/dorp en plaatsnaam)
ID_10,Tab: ID,Placeholder,"e.g., North Meadow, Truro","ex.: Quinta do Paço, Amarante","Esim. Sipoonkorpi, Porvoo","e.g., North Meadow, Truro","par exemple, North Meadow, Truro","vb. North Meadow, Truro"
ID_11,Tab: ID,Input Label,Grid cell (optional),Quadrícula (opcional),Ruudukon solu (valinnainen),Celula de grila (optional),cellule de grille (facultatif),Rastercel (optioneel)
ID_12,Tab: ID,Placeholder,"e.g., SW1234",ex.: 29TNF7769,esim. SW1234,"e.g., SW1234","par ex., SW1234",vb. SW1234
ID_13,Tab: ID,Input Label,Plant name (edit if you disagree with the PlantNet ID),Nome da planta (edite se não concordar com a identificação do PlantNet),"Kasvin nimi (muokkaa, jos olet eri mieltä PlantNetin tunnistuksesta)",Numele plantei (editati daca nu sunteti de acord cu identificarea PlantNet),Nom de la plante (modifiez-le si vous n'êtes pas d'accord avec l'identification PlantNet),Plantnaam (pas aan als je het niet eens bent met de PlantNet-identificatie)
ID_14,Tab: ID,Placeholder,Select from PlantNet results or enter manually,Selecione a partir dos resultados do PlantNet ou introduza manualmente,Valitse PlantNetin tuloksista tai syötä nimi itse,Selectati din rezultatele PlantNet sau introduceti manual,Sélectionnez parmi les résultats de PlantNet ou saisissez manuellement,Kies uit de PlantNet-resultaten of voer handmatig in
ID_15,Tab: ID,Button,Use my GPS location,Usar a localização GPS,Käytä GPS-sijaintiani,Foloseste locatia GPS,Utiliser ma position GPS,Gebruik mijn GPS-locatie
ID_17,Tab: ID,Text,Location not set.,Localização não definida,Sijaintia ei ole asetettu.,Locatia nu este setata,Lieu non défini.,Locatie niet ingesteld
ID_18,Tab: ID,Section Title,Image Preview,Pré-visualização da imagem,Kuvan esikatselu,Previzualizare imagine,Aperçu de l'image,Voorbeeldafbeelding
S1_01,Tab: Survey 1,Section Title,"Spread, control and disposal","Dispersão, controlo e eliminação","Leviäminen, torjunta ja hävittäminen","Raspandire, control si eradicare","Propagation, contrôle et élimination","Verspreiding, beheer en verwijdering"
S1_02,Tab: Survey 1,Question,"Has the plant spread beyond where you initially planted it, or would it spread without control?","A planta dispersou-se para além do local onde foi inicialmente plantada, ou dispersar-se-ia sem controlo?",Onko kasvi levinnyt alkuperäisen istutuspaikan ulkopuolelle tai leviäisikö se ilman torjuntaa?,S-a raspandit planta dincolo de locul in care ati plantat-o initial sau s-ar raspandi fara masuri control?,"La plante s'est-elle propagée au-delà de l'endroit où vous l'aviez initialement plantée, ou risquerait-elle de se propager de manière incontrôlée ?","Heeft de plant zich verspreid buiten de plaats waar je hem oorspronkelijk hebt geplant, of zou hij zich zonder ingrijpen verder verspreiden?"
S1_06,Tab: Survey 1,Question,How does the plant spread in your garden? (tick all that apply),Como se dispersa a planta no teu jardim? (assinala todas as que se aplicam),Miten kasvi leviää puutarhassasi? (Valitse kaikki sopivat),Cum se raspandeste planta in gradina dumneavoastra? (bifati tot ce se aplica),Comment cette plante se propage-t-elle dans votre jardin ? (cochez toutes les réponses qui s'appliquent),Hoe verspreidt de plant zich in je tuin? (vink alles aan wat van toepassing is)
S1_07,Tab: Survey 1,Choice,it doesn’t spread,Não se dispersa,Ei leviä,nu se raspandeste,Elle ne se propage pas,hij verspreidt zich niet
S1_08,Tab: Survey 1,Choice,seeds,sementes,Siemenistä,seminte,graines,zaden
S1_09,Tab: Survey 1,Choice,Underground rhizomes/roots,Rizomas/raízes subterrâneas,Maanalaisista juurakoista/juurista,Rizomi/radacini subterane,Rhizomes/racines souterrains,Ondergrondse wortelstokken/wortels
S1_10,Tab: Survey 1,Choice,Aboveground runners,Estolhos superficiais,Maanpäällisistä rönsyistä,Stoloni supraterani,Stolons aériens,Bovengrondse uitlopers
S1_11,Tab: Survey 1,Choice,bulbs,Bolbos,Sipuleista,bulbi,bulbes,bollen
S1_12,Tab: Survey 1,Choice,don’t know,Não sei,En tiedä,nu stiu,Je ne sais pas,Ik weet het niet
S1_13,Tab: Survey 1,Choice,other,Outro,Muu,altele,autre,anders
S1_14,Tab: Survey 1,Question,How effective is your effort to control the plant?,Quão eficaz é o seu controlo da planta?,Kuinka tehokkaita torjuntatoimesi ovat olleet?,Cat de eficiente sunt masurile pe care le aplicati pentru controlul acestei plante?,Dans quelle mesure vos efforts pour contrôler la plante sont-ils efficaces ?,Hoe effectief is je controle van de plant?
S1_15,Tab: Survey 1,Choice,I don’t control the plant,Não controlo a planta,En torju kasvia,Nu pot tine sub control planta,Je ne contrôle pas la plante,Ik probeer de plant niet onder controle te houden
S1_16,Tab: Survey 1,Choice,Ineffective (expansion),Ineficaz (expansão) ,Tehoton (leviää edelleen),Ineficiente (se raspandeste),Inefficace (en expansion),Niet effectief (uitbreiding)
S1_17,Tab: Survey 1,Choice,Poorly effective (status quo),Pouco eficaz (estável),Heikosti tehokas (tilanne pysyy ennallaan),Eficienta redusa (fara modificari ale situatiei),Peu efficace (statu quo),Beperkt effectief (status quo)
S1_18,Tab: Survey 1,Choice,Effective (area reduction),Eficaz (redução da área),Tehokas (kasvusto pienenee),Eficiente (suprafata s-a redus),Efficace (réduction de la surface),Effectief (afname van oppervlakte)
S1_19,Tab: Survey 1,Choice,Very effective (eradication),Muito eficaz (erradicação),Erittäin tehokas (hävitetty),Foarte eficiente (eradicare),Très efficace (éradication),Zeer effectief (uitroeiing)
S1_20,Tab: Survey 1,Question,How do you control this plant? (tick all that apply),Como controla esta planta? (assinale todas as opções aplicáveis),Miten torjut tätä kasvia? (valitse kaikki sopivat),Cum controlati aceasta planta? (bifati tot ce se aplica),Comment luttez-vous contre cette plante ? (cochez toutes les réponses qui s'appliquent),Hoe controleer je deze plant? (meerdere antwoorden mogelijk)
S1_21,Tab: Survey 1,Choice,digging,escavação,kaivaminen,sapare,creuser,uitgraven
S1_22,Tab: Survey 1,Choice,pulling,arranque manual,kitkeminen,smulgere,arracher,uittrekken
S1_23,Tab: Survey 1,Choice,chemical,controlo químico,kemiallinen torjunta,tratament chimic,traitement chimique,chemisch
S1_24,Tab: Survey 1,Choice,cutting,corte,leikkaaminen,taiere,tailler/couper,snoeien/afsnijden
S1_25,Tab: Survey 1,Choice,mulching,cobertura com mulch,katteella peittäminen,mulcire,paillage / mulching,mulchen
S1_26,Tab: Survey 1,Question,How do you dispose of this plant? (tick all that apply),Como elimina esta planta? (assinale todas as opções aplicáveis),Miten hävität tämän kasvin? (valitse kaikki sopivat),Cum eliminati aceasta planta? (bifati tot ce se aplica),Comment vous débarrassez-vous de cette plante ? (cochez toutes les réponses qui s'appliquent),Hoe gooi je deze plant weg? (vink alles aan wat van toepassing is)
S1_27,Tab: Survey 1,Choice,home composting,compostagem doméstica,kotikompostointi,compostare in gospodarie,compost domestique,thuis composteren
S1_28,Tab: Survey 1,Choice,green waste,resíduos verdes,biojäte,predare catre un operator de colectare a deseurilor vegetale.,déchets verts,groenafval
S1_29,Tab: Survey 1,Choice,other waste collection,recolha indiferenciada de resíduos,muu jätteenkeräys,alta metoda de colectare a deseurilor,collecte des autres déchets,ander afval
S2_01,Tab: Survey 2,Section Title,"Origin, impacts and comments","Origem, impactos e comentários","Alkuperä, vaikutukset ja kommentit","Origine, impact si informatii suplimentare","Origine, impact et remarques","Herkomst, impact en opmerkingen"
S2_02,Tab: Survey 2,Question,How do you think this plant came into your garden? (tick all that apply),Como pensa que esta planta chegou ao seu jardim? (assinale todas as opções aplicáveis),Miten arvelet tämän kasvin päätyneen puutarhaasi? (Valitse kaikki sopivat),Cum credeti ca a ajuns aceasta planta in gradina dumneavoastra? (bifati tot ce se aplica),Comment pensez-vous que cette plante soit arrivée dans votre jardin ? (cochez toutes les réponses qui s'appliquent),Hoe denk je dat deze plant in je tuin is terechtgekomen? (vink alles aan wat van toepassing is)
S2_03,Tab: Survey 2,Choice,It was already in the garden,Já estava no jardim,Se oli jo puutarhassa,Era deja in gradina,Elle était déjà dans le jardin,Hij stond al in de tuin
S2_04,Tab: Survey 2,Choice,I introduced it,Introduzi-a,Istutin sen itse,Am introdus-o eu,Je l'ai introduite,Ik heb hem zelf geïntroduceerd
S2_05,Tab: Survey 2,Choice,It spread from the direct vicinity of my garden,Dispersou-se da vizinhança imediata do meu jardim,Se levisi puutarhan lähiympäristöstä,S-a raspandit din vecinatatea directa a gradinii mele,Elle s'est propagée depuis les environs immédiats de mon jardin,Hij verspreidde zich vanuit de directe omgeving van mijn tuin
S2_06,Tab: Survey 2,Question,Where did you get it? (tick all that apply),Onde a obteve? (assinale todas as opções aplicáveis),Mistä se oli hankittu? (valitse kaikki sopivat),De unde ati obtinut-o? (bifati tot ce se aplica),Où l'avez-vous trouvée ? (cochez toutes les réponses qui s'appliquent),Waar heb je hem vandaan? (vink alles aan wat van toepassing is)
S2_07,Tab: Survey 2,Choice,Garden center,viveiro,Puutarhamyymälä,Magazin pentru gradinarit,Jardinerie,Tuincentrum
S2_08,Tab: Survey 2,Choice,Plant fair,feira de plantas,Kasvimessuilta,Targ de plante,foire aux plantes,Plantenbeurs
S2_09,Tab: Survey 2,Choice,I got it through a friend or another gardener,através de um amigo ou outro jardineiro,Ystävältä tai toiselta puutarhurilta,Am primit-o de la un prieten sau alt gradinar,Je l'ai obtenue par l'intermédiaire d'un ami ou d'un autre jardinier,Via een vriend of andere tuinier
S2_10,Tab: Survey 2,Choice,I bought it online from a nursery,comprei online num viveiro,Ostin sen taimitarhan verkkokaupasta,Am cumparat-o online de la o pepiniera,Je l'ai acheté en ligne dans une pépinière,Online gekocht bij een kwekerij
S2_11,Tab: Survey 2,Choice,"I bought it on an online e-trade platform (e.g. ebay, tweedehands, etsy, …)","comprei numa plataforma de comércio electrónico (ex.: eBay, Tweedehands, Etsy, ...)","Ostin sen verkkokauppa-alustalta (esim. eBay, Facebook Tori.fi, ...)","Am cumparat-o de pe o platforma de comert online (ex. OLX, Publi24, Lajumate.ro, Facebook Marketplace, ...)","Je l'ai acheté sur une plateforme de vente en ligne (par exemple eBay, 2ememain, Etsy, etc.)","Online gekocht via een verkoopplatform (bv. eBay, 2dehands, Etsy)"
S2_12,Tab: Survey 2,Choice,"I got it from a big retailer (e.g. supermarket, DIY store)","comprei num grande retalhista (ex.: supermercado, loja de bricolage)",Ostin sen isosta vähittäiskaupasta (esim. supermarketti tai rautakauppa),"Am cumparat-o de la un mare retailer (ex. supermarket, magazin de bricolaj)","Je l'ai acheté dans un grand magasin (par exemple, un supermarché ou un magasin de bricolage)","Gekocht bij een grote winkelketen (bv. supermarkt, doe-het-zelfzaak)"
S2_14,Tab: Survey 2,Choice,"Other, please state.","outro, indique qual","Muu, mikä?",Este prezenta aceasta planta in zonele din vecinatatea gradinii dumneavoastra?,"Autre, veuillez préciser.","Overig, gelieve te specificeren."
S2_15,Tab: Survey 2,Question,Is the plant growing locally outside your garden?,A planta está a crescer fora do seu jardim?,Kasvaako kasvia puutarhasi ulkopuolella lähialueella?,Este prezenta aceasta planta in zonele din vecinatatea gradinii dumneavoastra?,"Cette plante pousse-t-elle dans les environs, en dehors de votre jardin ?",Groeit de plant lokaal ook buiten je tuin?
S2_16,Tab: Survey 2,Question,"In your opinion, should the plant be sold with a label warning buyers of potential control difficulties in their garden?","Na sua opinião, a planta deveria ser vendida com um rótulo a alertar para possíveis dificuldades de controlo no jardim?","Pitäisikö kasvia mielestäsi myydä varoitusmerkinnällä, joka kertoisi mahdollisista torjuntavaikeuksista puutarhassa?","In opinia dumneavoastra, ar trebui ca planta sa fie vanduta cu o eticheta care avertizeaza cumparatorii despre posibilele dificultati de control in gradina lor?","Selon vous, cette plante devrait-elle être vendue avec une étiquette avertissant les acheteurs des difficultés potentielles pour la maîtriser dans leur jardin ?",Vind je dat deze plant verkocht zou moeten worden met een label dat waarschuwt dat hij moeilijk te beheersen kan zijn in de tuin?
S2_17,Tab: Survey 2,Question,"Has this plant outcompeted other plants in your garden? For instance, have other plants been overgrown or disappeared?","Esta planta superou outras plantas no seu jardim? Por exemplo, outras plantas foram sufocadas ou desapareceram?",Onko tämä kasvi syrjäyttänyt muita kasveja puutarhassasi? Esim. ovatko muut kasvit jääneet sen alle tai kadonneet?,"A intrat aceasta planta in competitie cu alte plante din gradina dumneavoastra? De exemplu, a provocat inabusirea sau disparitia altor plante?","Cette plante a-t-elle pris le dessus sur les autres plantes de votre jardin ? Par exemple, d'autres plantes ont-elles été envahies par cette plante ou ont-elles disparu ?",Heeft deze plant andere planten in je tuin verdrongen? Bijvoorbeeld: zijn andere planten overwoekerd of verdwenen?
S2_26,Tab: Survey 2,Input Label,Any other comments about this plant?,Tem mais algum comentário sobre esta planta?,Muita kommentteja tästä kasvista?,Alte comentarii despre aceasta planta?,Avez-vous d’autres remarques concernant cette plante ?,Andere opmerkingen over deze plant?
S2_27,Tab: Survey 2,Button,Save & Go to Results,Guardar & ver resultados,Tallenna ja siirry tuloksiin,Salveaza si mergi la rezultate,Enregistrer et afficher les résultats,Opslaan en naar resultaten
R_01,Tab: Results,Section Title,All Saved Observations,Todas as observações guardadas,Kaikki tallennetut havainnot,Toate observatiile salvate,Toutes les observations enregistrées,Alle opgeslagen waarnemingen
R_02,Tab: Results,Section Title,Observation Map,Mapa de observações,Havaintokartta,Harta observatiilor,Carte des observations,Waarnemingskaart
R_03,Tab: Results,Button,? Start new record,? Iniciar novo registo,? Aloita uusi havainto,? Adauga o observatie noua,? Créer un nouvel enregistrement,Nieuwe waarneming starten
R_04,Tab: Results,Section Title,Admin tools (optional),Ferramentas de administração (opcional),Ylläpitotyökalut (valinnainen),Instrumente de administrare (optional),Outils d'administration (facultatif),Beheertools (optioneel)
R_05,Tab: Results,Admin Instruction,"If you are a project administrator, enter the admin code below and click ""Refresh IDs from iNaturalist"".","Se for administrador do projeto, introduza o código de administrador abaixo e clique em “Atualizar IDs do iNaturalist”.","Jos olet projektin ylläpitäjä, syötä alle koodi ja paina ""Päivitä havaintotunnisteet iNaturalistista"".","Daca administrati un proiect, introduceti codul de administrator mai jos si faceti clic pe ""Actualizeaza identificarile de pe iNaturalist"".","Si vous êtes administrateur du projet, saisissez le code d'administrateur ci-dessous et cliquez sur « Actualiser les identifiants depuis iNaturalist ».","Als je projectbeheerder bent, voer dan hieronder de beheerderscode in en klik op “ID's vernieuwen vanuit iNaturalist”."
R_06,Tab: Results,Input Label,Admin code,Código de administrador,Ylläpitokoodi,Cod administrator,Code administrateur,Beheerderscode
R_07,Tab: Results,Placeholder,Enter admin code,Introduza o código de administrador,Syötä ylläpitokoodi,Introduceti codul de administrator,Saisissez le code administrateur,Voer beheerderscode in
R_08,Tab: Results,Button,Refresh IDs from iNaturalist,Atualizar IDs do iNaturalist,Päivitä havaintotunnisteet iNaturalistista,Actualizeaza identificarile de pe iNaturalist,Actualiser les identifiants depuis iNaturalist,IDs vernieuwen vanuit iNaturalist
F_01,Footer,Left Column,This app was developed by,Esta aplicação foi desenvolvida por,Tämän sovelluksen on kehittänyt,Aceasta aplicatie a fost dezvoltata de,Cette application a été développée par,Deze app werd ontwikkeld door
F_02,Footer,Left Column,"For questions, please contact","Para questões, contacte",Lisätietoja,"Pentru intrebari, va rugam contactati","Pour toute question, veuillez contacter","Voor vragen, contacteer"
F_03,Footer,Right Column,Plant identification powered by,Identificação de plantas fornecida por,Kasvien tunnistus toteutettu palvelulla,Identificarea plantelor realizata cu,Identification des plantes grâce à,Plantidentificatie mogelijk gemaakt door
M_01,Message,Error,Please accept the terms and conditions first.,"Por favor, aceite primeiro os termos e condições.",Hyväksy ensin käyttöehdot.,Va rugam sa acceptati mai intai termenii si conditiile.,Veuillez d'abord accepter les conditions générales.,Accepteer eerst de algemene voorwaarden.
M_02,Message,Status,Querying PlantNet…,A consultar o PlantNet,Haetaan tietoja PlantNetistä...,Se interogheaza PlantNet...,Recherche en cours dans PlantNet…,PlantNet wordt geraadpleegd…
M_03,Message,Error,PlantNet API key is not configured on the server.,A chave da API do PlantNet não está configurada no servidor.,PlantNetin API-avainta ei ole määritetty palvelimella.,Cheia API PlantNet nu este configurata pe server.,La clé API PlantNet n'est pas configurée sur le serveur.,PlantNet API-sleutel is niet geconfigureerd op de server.
M_04,Message,Error,Please take or upload a photo before running PlantNet.,Tire ou carregue uma fotografia antes de executar o PlantNet.,Ota tai lataa kuva ennen PlantNet tunnistuksen suorittamista.,Va rugam sa faceti sau sa incarcati o fotografie inainte de a rula PlantNet.,Veuillez prendre ou télécharger une photo avant de lancer PlantNet.,Neem of upload een foto voordat je PlantNet gebruikt.
M_05,Message,Warning,No matches returned by PlantNet.,O PlantNet não devolveu resultados.,PlantNet ei löytänyt vastaavia tuloksia.,PlantNet nu a returnat nicio potrivire.,PlantNet n'a trouvé aucun résultat.,Geen resultaten gevonden door PlantNet.
M_07,Message,Error,Please enter a plant name before saving.,Introduza o nome da planta antes de guardar.,Syötä kasvin nimi ennen tallentamista.,Va rugam sa introduceti un nume de planta inainte de a salva.,Veuillez saisir le nom d'une plante avant d'enregistrer.,Voer een plantnaam in voordat je opslaat.
M_08,Message,Error,Please enter a site name before saving.,Introduza o nome do local antes de guardar.,Syötä paikan nimi ennen tallentamista.,Va rugam sa introduceti un nume pentru locatie inainte de a salva.,Veuillez saisir un nom de site avant d'enregistrer.,Voer een locatie in voordat je opslaat.
M_09,Message,Success,Record saved locally.,Registo guardado localmente,Havainto tallennettu paikallisesti.,Observatia a fost salvata local.,Observation enregistrée localement.,Waarneming lokaal opgeslagen.
UX_LANGUAGE,UI,Label,Language,Idioma,Kieli,Limba,Langue,Taal 
UX_NEXT,UI,Button,Next,Seguinte,Seuraava,Inainte,Suivant,Volgende
UX_BACK,UI,Button,Back,Anterior,Takaisin,Inapoi,Précédent,Vorige
UX_MAP_TITLE,Map,Title,Select location on map,Selecionar localização no mapa,Valitse sijainti kartalta,Selectati locatia pe harta,Sélectionne une localisation sur la carte,Selecteer locatie op de kaart
UX_MAP_HELP,Map,Help text,Tap on the map to set the plant location.,Toque no mapa para definir a localização da planta,Napauta karttaa asettaaksesi kasvin sijainnin.,Apasati pe harta pentru a seta locatia plantei.,Appuie sur la carte pour définir la localisation de la plante.,Tik op de kaart om de locatie van de plant in te stellen.
UX_COVERAGE,Survey2,Label,Personal assessment of coverage (DAFOR scale),Avaliação pessoal da cobertura (escala DAFOR),Oma arvio peittävyydestä (DAFOR-asteikko),Evaluare personala a gradului de acoperire (scala DAFOR),Estimation personnelle de l'abondance (échelle DAFOR),Persoonlijke inschatting van bedekking (DAFOR-schaal)
UX_DOMINANT,Survey2,Choice,Dominant,Dominante,Vallitseva,Dominant,Dominant,Dominant
UX_ABUNDANT,Survey2,Choice,Abundant,Abundante,Runsas,Abundent,Abondant,Talrijk
UX_FREQUENT,Survey2,Choice,Frequent,Frequente,Yleinen,Frecvent,Fréquent,Frequent
UX_OCCASIONAL,Survey2,Choice,Occasional,Ocasional,Satunnainen,Ocazional,Occasionnel,Occasioneel 
UX_RARE,Survey2,Choice,Rare,Raro,Harvinainen,Rar,Rare,Zeldzaam
UX_PLANTNET_FAILED,Message,Error prefix,PlantNet request failed:,O pedido ao PlantNet falhou:,PlantNet-pyyntö epäonnistui:,Solicitare catre PlantNet esuata,Requête PlantNet échouée :,PlantNet-aanvraag mislukt:
UX_CREDENTIALS_MISSING,Message,Error,iNaturalist credentials not configured on server.,As credenciais do iNaturalist não configuradas no servidor.,iNaturalist-tunnistetietoja ei ole määritetty palvelimella.,Datele de autentificare iNaturalist nu sunt configurate pe server,Données iNaturalist non configurées sur le serveur.,iNaturalist-gegevens niet geconfigureerd op de server.
UX_LOGIN_FAILED,Message,Error,iNaturalist login failed.,Autenticação no iNaturalist falhou.,iNaturalist kirjautuminen epäonnistui. ,Autentificarea pe iNaturalist a esuat,Échec de la connexion à iNaturalist.,Inloggen op iNaturalist mislukt.
UX_NO_ACCESS_TOKEN,Message,Error,iNaturalist login failed: no access token returned.,Autenticação no iNaturalist falhou: nenhum token de acesso devolvido.,iNaturalist-kirjautuminen epäonnistui: käyttöoikeustunnistetta ei palautettu.,Autentificarea pe iNaturalist a esuat: nu a fost returnat niciun token de acces,Échec de la connexion à iNaturalist : aucun jeton d’accès reçu.,Inloggen op iNaturalist mislukt: geen toegangstoken ontvangen
UX_JWT_FAILED,Message,Error prefix,"Connected to iNaturalist, but failed to obtain API JWT. HTTP %s"," Ligado ao iNaturalist, mas falhou a obtenção do JWT da API. HTTP %s","Yhdistetty iNaturalistiin, mutta API:n JWT-tunnisteen hakeminen epäonnistui. HTTP %s","Conectat la iNaturalist, dar obtinerea codului API JWT a esuat HTTP %s","Connecté à iNaturalist, mais aucun JWT API obtenu. HTTP %s","Verbonden met iNaturalist, maar geen API JWT verkregen. HTTP %s"
UX_CLIENT_SECRET_REDIRECT_MISSING,Message,Error,"iNaturalist client ID, client secret, or redirect URI not configured.","iNaturalist client ID, client secret ou  redirect URI não configurados.","iNaturalist-asiakastunnusta, salasanaa tai uudelleenohjauksen URIa ei ole määritetty","ID-ul de client iNaturalist, codul secret (client secret) sau URI-ul de redirectionare nu sunt configurate.","ID client iNaturalist, secret client ou URI de redirection non configuré.","iNaturalist client-ID, client secret of redirect URI niet geconfigureerd"
UX_ADMIN_NOT_CONFIGURED,Message,Error,Admin sync code is not configured on the server.,Código de sincronização de administrador não configurado no servidor.,Ylläpitäjän synkronointikoodia ei ole määritetty palvelimella.,Codul de sincronizare pentru administrator nu este configurat pe server.,Code de synchronisation administrateur non définie.,Admin synchronisatiecode niet ingesteld.
UX_ADMIN_INCORRECT,Message,Error,Incorrect admin code. Sync from iNaturalist is restricted.,Código de administrador incorreto. A sincronização do iNaturalist está restrita.,Virheellinen ylläpitäjän koodi. Synkronointi iNaturalistista on rajoitettu.,Cod de administrator incorect. Sincronizarea din iNaturalist este restrictionata.,Code admin incorrecte. La synchronisation depuis iNaturalist est limitée.,Onjuiste admincode. Synchronisatie vanuit iNaturalist is beperkt.
UX_NO_RECORDS_SYNC,Message,Warning,No records to sync.,Sem registos para sincronizar.,Ei synkronoitavia havaintoja.,Nu exista inregistrari de sincronizat.,Aucune donnée à synchroniser.,Geen gegevens om te synchroniseren.
UX_NO_INAT_IDS,Message,Warning,No records have iNaturalist IDs yet.,Nenhum registo tem ainda ID do iNaturalist.,Yhdelläkään havainnolla ei ole vielä iNaturalist-tunnusta.,Nu exista inca inregistrari cu ID-uri iNaturalist.,Aucun identifiant iNaturalist encore associé.,Nog geen iNaturalist-ID’s gekoppeld.
UX_UPDATED_RECORDS,Message,Prefix,Updated,Atualizado,Päivitetty,S-au actualizat,Mis à jour,Bijgewerkt
UX_UPDATED_SUFFIX,Message,Suffix,record(s) from iNaturalist.,registo(s) do iNaturalist.,Havainto/havainnot iNaturalistista,inregistrari din iNaturalist,enregistrement(s) depuis iNaturalist.,record(s) van iNaturalist.
UX_NO_CHANGES,Message,Info,No changes detected in iNaturalist IDs.,Nenhuma alteração detetada nos IDs do iNaturalist.,Ei muutoksia havaittu iNaturalist-tunnuksissa.,Nu au fost detectate modificari in ID-urile iNaturalist,Aucune modification détectée dans les identifiants iNaturalist.,Geen wijzigingen gedetecteerd in iNaturalist ID's. 
UX_DB_ERROR,Message,Error prefix,Database Error:,Erro na base de dados:,Tietokantavirhe:,Eroare baza de date:,Erreur de base de données,Databasefout
UX_INAT_NOT_CONNECTED,iNaturalist,Status,Not connected to iNaturalist.,Não ligado ao iNaturalist.,Ei yhteyttä iNaturalistiin.,Nu sunteti conectat la iNaturalist,Non connecté à iNaturalist.,Niet verbonden met iNaturalist.
UX_INAT_ALREADY_MEMBER_STATUS,iNaturalist,Status template,Connected to iNaturalist. Already a member of %s. Observations will be added to this project.,Ligado ao iNaturalist. Já é membro de %s. As observações serão adicionadas a este projeto.,Yhdistetty iNaturalistiin. Olet jo projektin %s jäsen. Havainnot lisätään tähän projektiin.,Conectat la iNaturalist. Sunteti deja membru in %s. Observatiile vor fi adaugate la acest proiect.,Connecté à iNaturalist. Tu es déjà membre de %s. Les observations seront ajoutées à ce projet.,Verbonden met iNaturalist. Je bent al lid van %s. Waarnemingen worden aan dit project toegevoegd.
UX_INAT_NOT_MEMBER_STATUS,iNaturalist,Status template,Connected to iNaturalist. Not yet a member of %s.,Ligado ao iNaturalist. Ainda não é membro de %s.,Yhdistetty iNaturalistiin. Et ole vielä projektin %s jäsen.,Conectat la iNaturalist. Nu sunteti inca membru in %s.,Connecté à iNaturalist. Tu n’es pas encore membre de %s.,Verbonden met iNaturalist. Je bent nog geen lid van %s.
UX_PROJECT_JOIN_NOT_CONFIGURED,iNaturalist,Info,Project join is not configured on the server.,A adesão ao projeto não está configurada no servidor.,Projektin liittymistä ei ole määritetty palvelimella.,Inscrierea in proiect nu este configurata pe server.,La participation au projet n’est pas configurée sur le serveur.,De projectdeelname is niet geconfigureerd op de server.
UX_PROJECT_ALREADY_MEMBER,iNaturalist,Info template,You are already a member of %s.,Já é membro de %s.,Olet jo jäsen projektissa %s ,Sunteti deja membru in %s,Tu es déjà membre de %s.,Je bent al lid van %s.
UX_PROJECT_JOIN_PROMPT,iNaturalist,Prompt template,Join %s so your account is linked as a participant and your observations can be added to the project.,Adira a %s para que a sua conta seja associada como participante e as suas observações possam ser adicionadas ao projeto.,"Liity projektiin %s, jotta tilisi liitetään osallistujaksi ja havaintosi voidaan lisätä projektiin.",Inscrieti-va in %s pentru a va asocia contul si pentru ca observatiile dumneavoastra sa poata fi adaugate la proiect.,Deviens membre de %s afin que tes observations puissent être ajoutées au projet.,Word lid van %s zodat je waarnemingen toegevoegd kunnen worden aan het project.
UX_PROJECT_JOIN_BUTTON,iNaturalist,Button template,Join %s,Aderir a %s,Liity projektiin %s,Deveniti membru in %s,Deviens membre de %s,Word lid van %s 
UX_CONNECTED_ALREADY_MEMBER,iNaturalist,Success template,Connected to iNaturalist. Already a member of %s.,Ligado ao iNaturalist. Já é membro de %s.,Yhdistetty iNaturalistiin. Olet jo projektin %s jäsen.,Conectat la iNaturalist. Sunteti deja membru in %s.,Connecté à iNaturalist. Tu es déjà membre de %s.,Verbonden met iNaturalist. Je bent al lid van %s.
UX_PROJECT_ID_NOT_CONFIGURED,iNaturalist,Error,Project ID is not configured on the server.,O ID do projeto não está configurado no servidor.,Projektin tunnusta (ID) ei ole määritetty palvelimella.,ID-ul proiectului nu este configurat pe server.,ID de projet non configuré sur le serveur.,Project-ID is niet geconfigureerd op de server.
UX_JOIN_SUCCESS,iNaturalist,Success template,You have joined %s.,Aderiu a %s.,Olet liittynyt projektiin %s.,V-ati inscris in %s,Tu as rejoint %s,Je bent toegetreden tot %s
UX_JOIN_FAIL_HTTP,iNaturalist,Error template,Could not join %s. HTTP %s,Não foi possível aderir a %s. HTTP %s,Ei voitu liittyä projektiin %s. HTTP %s,Nu s-a putut efectua inscrierea in %s. HTTP %s,Impossible de rejoindre %s. HTTP %s,Kon niet toetreden tot %s. HTTP %s
UX_SAVE_UPLOADED_AND_ADDED,Message,Success template,"Record saved, uploaded to iNaturalist, and added to %s (ID %s).","Registo guardado, carregado para o iNaturalist e adicionado a %s (ID %s).","Havainto tallennettu, ladattu iNaturalistiin ja lisätty projektiin %s (ID %s).","Inregistrare salvata, incarcata pe iNaturalist si adaugata in %s (ID %s).",Observation enregistrée et téléversée sur iNaturalist. Observation ajoutée à %s (ID %s).,Waarneming opgeslagen en geüpload naar iNaturalist. Waarneming toegevoegd aan %s (ID %s).
UX_SAVE_UPLOADED_NOT_CONFIRMED,Message,Warning template,"Record saved and uploaded to iNaturalist (ID %s), but it was not confirmed as added to %s.","Registo guardado e carregado para o iNaturalist (ID %s), mas não foi confirmada a adição a %s.","Havainto tallennettu ja ladattu iNaturalistiin (ID %s), mutta sen lisäämistä projektiin %s ei voitu vahvistaa.","Inregistrare salvata si incarcata pe iNaturalist (ID %s), dar adaugarea in %s nu a putut fi confirmata.","Observation enregistrée et téléversée sur iNaturalist (ID %s), mais il n’a pas été possible de confirmer son ajout à %s.","Waarneming opgeslagen en geüpload naar iNaturalist (ID %s), maar de toevoeging aan %s kon niet worden bevestigd."
UX_YES,Shared,Shared choice,Yes,Sim,Kyllä,Da,Oui,Ja
UX_NO,Shared,Shared choice,No,Não,Ei,Nu,Non,Nee
UX_DONT_KNOW,Shared,Shared choice,I don't know,Não sei,En tiedä,Nu stiu,Je ne sais pas,Ik weet het niet
UX_NO_INAT_IDS,Message,Warning,No records have iNaturalist IDs yet.,Nenhum registo tem ainda ID do iNaturalist.,Yhdelläkään havainnolla ei ole vielä iNaturalist-tunnusta.,Nu exista inca inregistrari cu ID-uri iNaturalist.,Il n’y a encore aucune observation avec des identifiants iNaturalist.,Er zijn nog geen waarnemingen met iNaturalist-ID’s.
UX_UPDATED_RECORDS,Message,Prefix,Updated,Atualizado,Päivitetty,S-au actualizat,Mis à jour,Bijgewerkt
UX_UPDATED_SUFFIX,Message,Suffix,record(s) from iNaturalist.,registo(s) do iNaturalist.,Havainto/havainnot iNaturalistista,inregistrari din iNaturalist,enregistrement(s) depuis iNaturalist.,record(s) uit iNaturalist.
UX_NO_CHANGES,Message,Info,No changes detected in iNaturalist IDs.,Nenhuma alteração detetada nos IDs do iNaturalist.,Ei muutoksia havaittu iNaturalist-tunnuksissa.,Nu s-au detectat modificari ale ID-urilor iNaturalist.,Aucune modification détectée dans les identifiants iNaturalist.,Geen wijzigingen gedetecteerd in iNaturalist-ID’s.
UX_DB_ERROR,Message,Error prefix,Database Error:,Erro na base de dados:,Tietokantavirhe:,Eroare baza de date:,Erreur de base de données :,Databasefout:
UX_INAT_NOT_CONNECTED,iNaturalist,Status,Not connected to iNaturalist.,Não ligado ao iNaturalist.,Ei yhdistetty iNaturalistiin.,Neconectat la iNaturalist.,Non connecté à iNaturalist.,Niet verbonden met iNaturalist.
UX_INAT_ALREADY_MEMBER_STATUS,iNaturalist,Status template,Connected to iNaturalist. Already a member of %s. Observations will be added to this project.,Ligado ao iNaturalist. Já é membro de %s. As observações serão adicionadas a este projeto.,Yhdistetty iNaturalistiin. Olet jo projektin %s jäsen. Havainnot lisätään tähän projektiin.,Conectat la iNaturalist. Sunteti deja membru in %s. Observatiile vor fi adaugate la acest proiect.,Connecté à iNaturalist. Tu es déjà membre de %s. Les observations seront ajoutées à ce projet.,Verbonden met iNaturalist. Je bent al lid van %s. Waarnemingen worden aan dit project toegevoegd.
UX_INAT_NOT_MEMBER_STATUS,iNaturalist,Status template,Connected to iNaturalist. Not yet a member of %s.,Ligado ao iNaturalist. Ainda não é membro de %s.,Yhdistetty iNaturalistiin. Et ole vielä projektin %s jäsen.,Conectat la iNaturalist. Nu sunteti inca membru in %s.,Connecté à iNaturalist. Tu n’es pas encore membre de %s.,Verbonden met iNaturalist. Je bent nog geen lid van %s.
UX_PROJECT_JOIN_NOT_CONFIGURED,iNaturalist,Info,Project join is not configured on the server.,A adesão ao projeto não está configurada no servidor.,Projektin liittymistä ei ole määritetty palvelimella.,Inscrierea in proiect nu este configurata pe server.,La participation au projet n’est pas configurée sur le serveur.,De deelname aan het project is niet geconfigureerd op de server.
UX_PROJECT_ALREADY_MEMBER,iNaturalist,Info template,You are already a member of %s.,Já é membro de %s.,Olet jo jäsen projektissa %s ,Sunteti deja membru in %s.,Tu es déjà membre de %s.,Je bent al lid van %s.
UX_PROJECT_JOIN_PROMPT,iNaturalist,Prompt template,Join %s so your account is linked as a participant and your observations can be added to the project.,Adira a %s para que a sua conta seja associada como participante e as suas observações possam ser adicionadas ao projeto.,"Liity projektiin %s, jotta tilisi liitetään osallistujaksi ja havaintosi voidaan lisätä projektiin.",Inscrieti-va in %s pentru a va asocia contul si pentru ca observatiile dumneavoastra sa poata fi adaugate la proiect.,Deviens membre de %s afin que ton compte soit lié en tant que participant et que tes observations puissent être ajoutées au projet.,Word lid van %s zodat je account als deelnemer wordt gekoppeld en je waarnemingen aan het project kunnen worden toegevoegd.
UX_PROJECT_JOIN_BUTTON,iNaturalist,Button template,Join %s,Aderir a %s,Liity projektiin %s,Deveniti membru in %s,Deviens membre de %s,Word lid van %s
UX_CONNECTED_ALREADY_MEMBER,iNaturalist,Success template,Connected to iNaturalist. Already a member of %s.,Ligado ao iNaturalist. Já é membro de %s.,Yhdistetty iNaturalistiin. Olet jo projektin %s jäsen.,Conectat la iNaturalist. Sunteti deja membru in %s.,Connecté à iNaturalist. Tu es déjà membre de %s.,Verbonden met iNaturalist. Je bent al lid van %s.
UX_CONNECTED_NOT_MEMBER,iNaturalist,Success template,Connected to iNaturalist. Not yet a member of %s.,Ligado ao iNaturalist. Ainda não é membro de %s.,Yhdistetty iNaturalistiin. Et ole vielä projektin %s jäsen.,Conectat la iNaturalist. Inca nu sunteti membru in %s.,Connecté à iNaturalist. Tu n’es pas encore membre de %s.,Verbonden met iNaturalist. Je bent nog geen lid van %s.
UX_PROJECT_ID_NOT_CONFIGURED,iNaturalist,Error,Project ID is not configured on the server.,O ID do projeto não está configurado no servidor.,Projektin tunnusta (ID) ei ole määritetty palvelimella.,ID-ul proiectului nu este configurat pe server.,ID de projet non configuré sur le serveur.,Project-ID is niet geconfigureerd op de server.
UX_ALREADY_MEMBER_SHORT,iNaturalist,Info template,You are already a member of %s.,Já é membro de %s.,Olet jo jäsen projektissa %s ,Sunteti deja membru in %s. ,Tu es déjà membre de %s.,Je bent al lid van %s.
UX_JOIN_SUCCESS,iNaturalist,Success template,You have joined %s.,Aderiu a %s.,Olet liittynyt projektiin %s.,V-ati inscris in %s.,Tu es devenu membre de %s.,Je bent lid geworden van %s.
UX_JOIN_FAIL_HTTP,iNaturalist,Error template,Could not join %s. HTTP %s,Não foi possível aderir a %s. HTTP %s,Ei voitu liittyä projektiin %s. HTTP %s,Inscrierea in %s a esuat.HTTP %s,Impossible de devenir membre de %s. HTTP %s,Kon niet lid worden van %s. HTTP %s
UX_SAVE_UPLOADED_AND_ADDED,Message,Success template,"Record saved, uploaded to iNaturalist, and added to %s (ID %s).","Registo guardado, carregado para o iNaturalist e adicionado a %s (ID %s).","Havainto tallennettu, ladattu iNaturalistiin ja lisätty projektiin %s (ID %s).","Inregistrare salvata, incarcata pe iNaturalist si adaugata in %s (ID %s).","Observation enregistrée, téléversée sur iNaturalist et ajoutée à %s (ID %s).","Waarneming opgeslagen, geüpload naar iNaturalist en toegevoegd aan %s (ID %s)."
UX_SAVE_UPLOADED_NOT_CONFIRMED,Message,Warning template,"Record saved and uploaded to iNaturalist (ID %s), but it was not confirmed as added to %s.","Registo guardado e carregado para o iNaturalist (ID %s), mas não foi confirmada a adição a %s.","Havainto tallennettu ja ladattu iNaturalistiin (ID %s), mutta sen lisäämistä projektiin %s ei voitu vahvistaa.","Inregistrare salvata si incarcata pe iNaturalist (ID %s), dar adaugarea in %s nu a putut fi confirmata.","Observation enregistrée et téléversée sur iNaturalist (ID %s), mais il n’a pas été possible de confirmer son ajout à %s.","Waarneming opgeslagen en geüpload naar iNaturalist (ID %s), maar het kon niet worden bevestigd als toegevoegd aan %s."
,,,,,,,,
,,,,,,,,
,,,,,,,,
,,,,,,,,
,,,,,,,,
,,,,,,,,
,,,,,,,,
,,,,,,,,
,,,,,,,,
,,,,,,,,
,,,,,,,,
,,,,,,,,
,,,,,,,,
,,,,,,,,
,,,,,,,,
,,,,,,,,
,,,,,,,,
,,,,,,,,
,,,,,,,,
,,,,,,,,
,,,,,,,,
,,,,,,,,
,,,,,,,,
,,,,,,,,
,,,,,,,,
,,,,,,,,
,,,,,,,,
,,,,,,,,
,,,,,,,,
,,,,,,,,
,,,,,,,,
,,,,,,,,
,,,,,,,,
,,,,,,,,
,,,,,,,,
,,,,,,,,
,,,,,,,,
,,,,,,,,
,,,,,,,,
,,,,,,,,
,,,,,,,,
,,,,,,,,
,,,,,,,,
,,,,,,,,
,,,,,,,,
,,,,,,,,
,,,,,,,,
,,,,,,,,
,,,,,,,,
,,,,,,,,
,,,,,,,,
,,,,,,,,
,,,,,,,,
,,,,,,,,
,,,,,,,,
,,,,,,,,
,,,,,,,,
,,,,,,,,
,,,,,,,,
,,,,,,,,
,,,,,,,,
,,,,,,,,
,,,,,,,,
,,,,,,,,
,,,,,,,,
,,,,,,,,
,,,,,,,,
,,,,,,,,
,,,,,,,,
,,,,,,,,
,,,,,,,,
,,,,,,,,
,,,,,,,,
,,,,,,,,
,,,,,,,,
,,,,,,,,
,,,,,,,,
,,,,,,,,
,,,,,,,,
,,,,,,,,
,,,,,,,,
,,,,,,,,
,,,,,,,,
,,,,,,,,
,,,,,,,,
,,,,,,,,
,,,,,,,,
,,,,,,,,
,,,,,,,,
,,,,,,,,
,,,,,,,,
,,,,,,,,
,,,,,,,,
,,,,,,,,
,,,,,,,,
,,,,,,,,
,,,,,,,,
,,,,,,,,
,,,,,,,,
,,,,,,,,
,,,,,,,,
,,,,,,,,
,,,,,,,,
,,,,,,,,
,,,,,,,,
,,,,,,,,
,,,,,,,,
,,,,,,,,
,,,,,,,,
,,,,,,,,
,,,,,,,,
,,,,,,,,
,,,,,,,,
,,,,,,,,
,,,,,,,,
,,,,,,,,
,,,,,,,,
,,,,,,,,
,,,,,,,,
,,,,,,,,
,,,,,,,,
,,,,,,,,
,,,,,,,,
,,,,,,,,
,,,,,,,,
,,,,,,,,
,,,,,,,,
,,,,,,,,
,,,,,,,,
,,,,,,,,
,,,,,,,,
,,,,,,,,
,,,,,,,,
,,,,,,,,
,,,,,,,,
,,,,,,,,
,,,,,,,,
,,,,,,,,
,,,,,,,,
,,,,,,,,
,,,,,,,,
,,,,,,,,
,,,,,,,,
,,,,,,,,
,,,,,,,,
,,,,,,,,
,,,,,,,,
,,,,,,,,
,,,,,,,,
,,,,,,,,
,,,,,,,,
,,,,,,,,
,,,,,,,,
,,,,,,,,
,,,,,,,,
,,,,,,,,
,,,,,,,,
,,,,,,,,
,,,,,,,,
,,,,,,,,
,,,,,,,,
,,,,,,,,
,,,,,,,,
,,,,,,,,
,,,,,,,,
,,,,,,,,
,,,,,,,,
,,,,,,,,
,,,,,,,,
,,,,,,,,
,,,,,,,,
,,,,,,,,
,,,,,,,,
,,,,,,,,
,,,,,,,,
,,,,,,,,
,,,,,,,,
,,,,,,,,
,,,,,,,,
,,,,,,,,
,,,,,,,,
,,,,,,,,
,,,,,,,,
,,,,,,,,
,,,,,,,,
,,,,,,,,
,,,,,,,,
,,,,,,,,
,,,,,,,,
,,,,,,,,
,,,,,,,,
,,,,,,,,
,,,,,,,,
,,,,,,,,
,,,,,,,,
,,,,,,,,
,,,,,,,,
,,,,,,,,
,,,,,,,,
,,,,,,,,
,,,,,,,,
,,,,,,,,
,,,,,,,,
,,,,,,,,
,,,,,,,,
,,,,,,,,
,,,,,,,,
,,,,,,,,
,,,,,,,,
,,,,,,,,
,,,,,,,,
,,,,,,,,
,,,,,,,,
,,,,,,,,
,,,,,,,,
,,,,,,,,
,,,,,,,,
,,,,,,,,
,,,,,,,,
,,,,,,,,
,,,,,,,,
,,,,,,,,
,,,,,,,,
,,,,,,,,
,,,,,,,,
,,,,,,,,
,,,,,,,,
,,,,,,,,
,,,,,,,,
,,,,,,,,
,,,,,,,,
,,,,,,,,
,,,,,,,,
,,,,,,,,
,,,,,,,,
,,,,,,,,
,,,,,,,,
,,,,,,,,
,,,,,,,,
,,,,,,,,
,,,,,,,,
,,,,,,,,
,,,,,,,,
,,,,,,,,
,,,,,,,,
,,,,,,,,
,,,,,,,,
,,,,,,,,
,,,,,,,,
,,,,,,,,
,,,,,,,,
,,,,,,,,
,,,,,,,,
,,,,,,,,
,,,,,,,,
,,,,,,,,
,,,,,,,,
,,,,,,,,
,,,,,,,,
,,,,,,,,
,,,,,,,,
,,,,,,,,
,,,,,,,,
,,,,,,,,
,,,,,,,,
,,,,,,,,
,,,,,,,,
,,,,,,,,
,,,,,,,,
,,,,,,,,
,,,,,,,,
,,,,,,,,
,,,,,,,,
,,,,,,,,
,,,,,,,,
,,,,,,,,
,,,,,,,,
,,,,,,,,
,,,,,,,,
,,,,,,,,
,,,,,,,,
,,,,,,,,
,,,,,,,,
,,,,,,,,
,,,,,,,,
,,,,,,,,
,,,,,,,,
,,,,,,,,
,,,,,,,,
,,,,,,,,
,,,,,,,,
,,,,,,,,
,,,,,,,,
,,,,,,,,
,,,,,,,,
,,,,,,,,
,,,,,,,,
,,,,,,,,
,,,,,,,,
,,,,,,,,
,,,,,,,,
,,,,,,,,
,,,,,,,,
,,,,,,,,
,,,,,,,,
,,,,,,,,
,,,,,,,,
,,,,,,,,
,,,,,,,,
,,,,,,,,
,,,,,,,,
,,,,,,,,
,,,,,,,,
,,,,,,,,
,,,,,,,,
,,,,,,,,
,,,,,,,,
,,,,,,,,
,,,,,,,,
,,,,,,,,
,,,,,,,,
,,,,,,,,
,,,,,,,,
,,,,,,,,
,,,,,,,,
,,,,,,,,
,,,,,,,,
,,,,,,,,
,,,,,,,,
,,,,,,,,
,,,,,,,,
,,,,,,,,
,,,,,,,,
,,,,,,,,
,,,,,,,,
,,,,,,,,
,,,,,,,,
,,,,,,,,
,,,,,,,,
,,,,,,,,
,,,,,,,,
,,,,,,,,
,,,,,,,,
,,,,,,,,
,,,,,,,,
,,,,,,,,
,,,,,,,,
,,,,,,,,
,,,,,,,,
,,,,,,,,
,,,,,,,,
,,,,,,,,
,,,,,,,,
,,,,,,,,
,,,,,,,,
,,,,,,,,
,,,,,,,,
,,,,,,,,
,,,,,,,,
,,,,,,,,
,,,,,,,,
,,,,,,,,
,,,,,,,,
,,,,,,,,
,,,,,,,,
,,,,,,,,
,,,,,,,,
,,,,,,,,
,,,,,,,,
,,,,,,,,
,,,,,,,,
,,,,,,,,
,,,,,,,,
,,,,,,,,
,,,,,,,,
,,,,,,,,
,,,,,,,,
,,,,,,,,
,,,,,,,,
,,,,,,,,
,,,,,,,,
,,,,,,,,
,,,,,,,,
,,,,,,,,
,,,,,,,,
,,,,,,,,
,,,,,,,,
,,,,,,,,
,,,,,,,,
,,,,,,,,
,,,,,,,,
,,,,,,,,
,,,,,,,,
,,,,,,,,
,,,,,,,,
,,,,,,,,
,,,,,,,,
,,,,,,,,
,,,,,,,,
,,,,,,,,
,,,,,,,,
,,,,,,,,
,,,,,,,,
,,,,,,,,
,,,,,,,,
,,,,,,,,
,,,,,,,,
,,,,,,,,
,,,,,,,,
,,,,,,,,
,,,,,,,,
,,,,,,,,
,,,,,,,,
,,,,,,,,
,,,,,,,,
,,,,,,,,
,,,,,,,,
,,,,,,,,
,,,,,,,,
,,,,,,,,
,,,,,,,,
,,,,,,,,
,,,,,,,,
,,,,,,,,
,,,,,,,,
,,,,,,,,
,,,,,,,,
,,,,,,,,
,,,,,,,,
,,,,,,,,
,,,,,,,,
,,,,,,,,
,,,,,,,,
,,,,,,,,
,,,,,,,,
,,,,,,,,
,,,,,,,,
,,,,,,,,
,,,,,,,,
,,,,,,,,
,,,,,,,,
,,,,,,,,
,,,,,,,,
,,,,,,,,
,,,,,,,,
,,,,,,,,
,,,,,,,,
,,,,,,,,
,,,,,,,,
,,,,,,,,
,,,,,,,,
,,,,,,,,
,,,,,,,,
,,,,,,,,
,,,,,,,,
,,,,,,,,
,,,,,,,,
,,,,,,,,
,,,,,,,,
,,,,,,,,
,,,,,,,,
,,,,,,,,
,,,,,,,,
,,,,,,,,
,,,,,,,,
,,,,,,,,
,,,,,,,,
,,,,,,,,
,,,,,,,,
,,,,,,,,
,,,,,,,,
,,,,,,,,
,,,,,,,,
,,,,,,,,
,,,,,,,,
,,,,,,,,
,,,,,,,,
,,,,,,,,
,,,,,,,,
,,,,,,,,
,,,,,,,,
,,,,,,,,
,,,,,,,,
,,,,,,,,
,,,,,,,,
,,,,,,,,
,,,,,,,,
,,,,,,,,
,,,,,,,,
,,,,,,,,
,,,,,,,,
,,,,,,,,
,,,,,,,,
,,,,,,,,
,,,,,,,,
,,,,,,,,
,,,,,,,,
,,,,,,,,
,,,,,,,,
,,,,,,,,
,,,,,,,,
,,,,,,,,
,,,,,,,,
,,,,,,,,
,,,,,,,,
,,,,,,,,
,,,,,,,,
,,,,,,,,
,,,,,,,,
,,,,,,,,
,,,,,,,,
,,,,,,,,
,,,,,,,,
,,,,,,,,
,,,,,,,,
,,,,,,,,
,,,,,,,,
,,,,,,,,
,,,,,,,,
,,,,,,,,
,,,,,,,,
,,,,,,,,
,,,,,,,,
,,,,,,,,
,,,,,,,,
,,,,,,,,
,,,,,,,,
,,,,,,,,
,,,,,,,,
,,,,,,,,
,,,,,,,,
,,,,,,,,
,,,,,,,,
,,,,,,,,
,,,,,,,,
,,,,,,,,
,,,,,,,,
,,,,,,,,
,,,,,,,,
,,,,,,,,
,,,,,,,,
,,,,,,,,
,,,,,,,,
,,,,,,,,
,,,,,,,,
,,,,,,,,
,,,,,,,,
,,,,,,,,
,,,,,,,,
,,,,,,,,
,,,,,,,,
,,,,,,,,
,,,,,,,,
,,,,,,,,
,,,,,,,,
,,,,,,,,
,,,,,,,,
,,,,,,,,
,,,,,,,,
,,,,,,,,
,,,,,,,,
,,,,,,,,
,,,,,,,,
,,,,,,,,
,,,,,,,,
,,,,,,,,
,,,,,,,,
,,,,,,,,
,,,,,,,,
,,,,,,,,
,,,,,,,,
,,,,,,,,
,,,,,,,,
,,,,,,,,
,,,,,,,,
,,,,,,,,
,,,,,,,,
,,,,,,,,
,,,,,,,,
,,,,,,,,
,,,,,,,,
,,,,,,,,
,,,,,,,,
,,,,,,,,
,,,,,,,,
,,,,,,,,
,,,,,,,,
,,,,,,,,
,,,,,,,,
,,,,,,,,
,,,,,,,,
,,,,,,,,
,,,,,,,,
,,,,,,,,
,,,,,,,,
,,,,,,,,
,,,,,,,,
,,,,,,,,
,,,,,,,,
,,,,,,,,
,,,,,,,,
,,,,,,,,
,,,,,,,,
,,,,,,,,
,,,,,,,,
,,,,,,,,
,,,,,,,,
,,,,,,,,
,,,,,,,,
,,,,,,,,
,,,,,,,,
,,,,,,,,
,,,,,,,,
,,,,,,,,
,,,,,,,,
,,,,,,,,
,,,,,,,,
,,,,,,,,
,,,,,,,,
,,,,,,,,
,,,,,,,,
,,,,,,,,
,,,,,,,,
,,,,,,,,
,,,,,,,,
,,,,,,,,
,,,,,,,,
,,,,,,,,
,,,,,,,,
,,,,,,,,
,,,,,,,,
,,,,,,,,
,,,,,,,,
,,,,,,,,
,,,,,,,,
,,,,,,,,
,,,,,,,,
,,,,,,,,
,,,,,,,,
,,,,,,,,
,,,,,,,,
,,,,,,,,
,,,,,,,,
,,,,,,,,
,,,,,,,,
,,,,,,,,
,,,,,,,,
,,,,,,,,
,,,,,,,,
,,,,,,,,
,,,,,,,,
,,,,,,,,
,,,,,,,,
,,,,,,,,
,,,,,,,,
,,,,,,,,
,,,,,,,,
,,,,,,,,
,,,,,,,,
,,,,,,,,
,,,,,,,,
,,,,,,,,
,,,,,,,,
,,,,,,,,
,,,,,,,,
,,,,,,,,
,,,,,,,,
,,,,,,,,
,,,,,,,,
,,,,,,,,
,,,,,,,,
,,,,,,,,
,,,,,,,,
,,,,,,,,
,,,,,,,,
,,,,,,,,
,,,,,,,,
,,,,,,,,
,,,,,,,,
,,,,,,,,
,,,,,,,,
,,,,,,,,
,,,,,,,,
,,,,,,,,
,,,,,,,,
,,,,,,,,
,,,,,,,,
,,,,,,,,
,,,,,,,,
,,,,,,,,
,,,,,,,,
,,,,,,,,
,,,,,,,,
,,,,,,,,
,,,,,,,,
,,,,,,,,
,,,,,,,,
,,,,,,,,
,,,,,,,,
,,,,,,,,
,,,,,,,,
,,,,,,,,
,,,,,,,,
,,,,,,,,
,,,,,,,,
,,,,,,,,
,,,,,,,,
,,,,,,,,
,,,,,,,,
,,,,,,,,
,,,,,,,,
,,,,,,,,
,,,,,,,,
,,,,,,,,
,,,,,,,,
,,,,,,,,
,,,,,,,,
,,,,,,,,
,,,,,,,,
,,,,,,,,
,,,,,,,,
,,,,,,,,
,,,,,,,,
,,,,,,,,
,,,,,,,,
,,,,,,,,
,,,,,,,,
,,,,,,,,
,,,,,,,,
,,,,,,,,
,,,,,,,,
,,,,,,,,
,,,,,,,,
,,,,,,,,
,,,,,,,,
,,,,,,,,
,,,,,,,,
,,,,,,,,
,,,,,,,,
,,,,,,,,
,,,,,,,,
,,,,,,,,
,,,,,,,,
,,,,,,,,
,,,,,,,,
,,,,,,,,
,,,,,,,,
,,,,,,,,
,,,,,,,,
,,,,,,,,
,,,,,,,,
,,,,,,,,
,,,,,,,,
,,,,,,,,
,,,,,,,,
,,,,,,,,
,,,,,,,,
,,,,,,,,
,,,,,,,,
,,,,,,,,
,,,,,,,,
,,,,,,,,
,,,,,,,,
,,,,,,,,
,,,,,,,,
,,,,,,,,
,,,,,,,,
,,,,,,,,
,,,,,,,,
,,,,,,,,
,,,,,,,,
,,,,,,,,
,,,,,,,,
,,,,,,,,
,,,,,,,,
,,,,,,,,
,,,,,,,,
,,,,,,,,
,,,,,,,,
,,,,,,,,
,,,,,,,,
,,,,,,,,
,,,,,,,,
,,,,,,,,
,,,,,,,,
,,,,,,,,
,,,,,,,,
,,,,,,,,
,,,,,,,,
,,,,,,,,
,,,,,,,,
,,,,,,,,
,,,,,,,,
,,,,,,,,
,,,,,,,,
,,,,,,,,
,,,,,,,,
,,,,,,,,
,,,,,,,,
,,,,,,,,
,,,,,,,,
,,,,,,,,
,,,,,,,,
,,,,,,,,
,,,,,,,,
,,,,,,,,
,,,,,,,,
,,,,,,,,
,,,,,,,,
,,,,,,,,
,,,,,,,,
,,,,,,,,
,,,,,,,,
,,,,,,,,
,,,,,,,,
,,,,,,,,
,,,,,,,,
,,,,,,,,
,,,,,,,,
,,,,,,,,
,,,,,,,,
,,,,,,,,
,,,,,,,,
,,,,,,,,
,,,,,,,,
,,,,,,,,
,,,,,,,,
,,,,,,,,
,,,,,,,,
,,,,,,,,
,,,,,,,,
,,,,,,,,
,,,,,,,,
,,,,,,,,
,,,,,,,,
,,,,,,,,
,,,,,,,,
,,,,,,,,
,,,,,,,,
